Player,Country,Runs,Wickets,Average,StrikeRate
Virat Kohli,India,27000,8,54.00,93.50
Rohit Sharma,India,19000,12,49.20,92.80
Sachin Tendulkar,India,34357,201,48.52,86.24
MS Dhoni,India,17266,1,44.96,87.56
Rahul Dravid,India,24208,5,48.09,71.24
Sourav Ganguly,India,18575,132,41.95,73.70
Yuvraj Singh,India,11778,148,35.05,87.67
Kapil Dev,India,9031,687,31.05,80.00
Anil Kumble,India,5689,956,17.00,57.00
Ravindra Jadeja,India,7000,570,36.00,85.00
Jasprit Bumrah,India,3000,450,18.00,75.00
Hardik Pandya,India,5000,200,32.00,90.00
Shubman Gill,India,8000,0,48.00,92.00
Rishabh Pant,India,6000,0,42.00,98.00
Ravichandran Ashwin,India,3500,750,25.00,55.00
Babar Azam,Pakistan,14000,5,49.00,88.00
Wasim Akram,Pakistan,6600,916,23.00,80.00
Waqar Younis,Pakistan,3500,789,18.00,75.00
Inzamam-ul-Haq,Pakistan,20500,20,50.00,74.00
Shahid Afridi,Pakistan,11000,540,29.00,117.00
Shoaib Akhtar,Pakistan,1500,444,12.00,60.00
Kumar Sangakkara,Sri Lanka,28016,0,48.00,78.00
Mahela Jayawardene,Sri Lanka,25957,0,45.00,77.00
Muttiah Muralitharan,Sri Lanka,1936,1347,11.00,45.00
Lasith Malinga,Sri Lanka,1500,546,12.00,70.00
Sanath Jayasuriya,Sri Lanka,21032,440,34.00,91.00
Angelo Mathews,Sri Lanka,13500,250,43.00,78.00
Kane Williamson,New Zealand,19000,37,51.00,80.00
Brendon McCullum,New Zealand,14600,0,35.00,96.00
Daniel Vettori,New Zealand,7000,705,30.00,75.00
Ross Taylor,New Zealand,18199,0,46.00,83.00
Chris Cairns,New Zealand,8273,419,33.00,85.00
Steve Smith,Australia,19000,19,56.00,80.00
Ricky Ponting,Australia,27483,5,45.00,80.00
Adam Gilchrist,Australia,20800,0,47.00,96.00
Shane Warne,Australia,4172,1001,18.00,65.00
Glenn McGrath,Australia,1600,949,12.00,55.00
Matthew Hayden,Australia,15066,0,50.00,78.00
David Warner,Australia,19000,4,42.00,97.00
Mitchell Starc,Australia,3500,700,20.00,85.00
Joe Root,England,21000,70,50.00,83.00
Ben Stokes,England,13000,300,38.00,85.00
Alastair Cook,England,20000,0,46.00,65.00
James Anderson,England,1800,970,10.00,45.00
Kevin Pietersen,England,13000,13,49.00,82.00
Jos Buttler,England,11000,20,40.00,145.00
Andrew Flintoff,England,7000,250,32.00,88.00
Stuart Broad,England,3500,850,15.00,60.00
AB de Villiers,South Africa,20014,2,50.00,101.00
Jacques Kallis,South Africa,25534,577,49.00,72.00
Dale Steyn,South Africa,1800,699,14.00,65.00